Site,Config,Epochs,Best epoch,Dev F1 best,Dev F1 last,Fall from best,Post-peak trend,Epoch variation,Trend / variation,Train loss first,best,last,Early stop
pnr-1,array,93,49,0.937,0.922,+0.015,-0.0001,0.0042,-0.03,0.0267,0.000821,0.000708,yes
pnr-1,pertrace,68,49,0.930,0.921,+0.009,+0.0009,0.0042,+0.21,0.027,0.000902,0.000864,no
mseel_3h,array,99,73,0.932,0.913,+0.018,-0.0025,0.0057,-0.44,0.0292,0.000712,0.000673,yes
mseel_3h,pertrace,63,32,0.926,0.921,+0.005,-0.0001,0.0048,-0.02,0.0295,0.000936,0.000817,yes
mseel_5h,array,109,83,0.935,0.926,+0.009,-0.0031,0.0044,-0.71,0.029,0.000736,0.000696,yes
mseel_5h,pertrace,63,32,0.936,0.925,+0.011,-0.0041,0.0053,-0.76,0.0292,0.00096,-,yes
clearfield_mw6,array,135,87,0.945,0.930,+0.014,-0.0023,0.0056,-0.40,0.0292,0.000706,0.000656,yes
clearfield_mw6,pertrace,67,62,0.934,0.925,+0.009,-,-,-,0.0295,0.000828,-,no
pnr-2,array,75,49,0.937,0.923,+0.014,+0.0000,0.0044,+0.01,0.0281,0.000818,0.000739,yes
pnr-2,pertrace,75,49,0.932,0.919,+0.013,-0.0015,0.0042,-0.36,0.0284,0.000889,0.0008,yes
pnr-2,shuffle,130,104,0.938,0.918,+0.021,-0.0027,0.0045,-0.60,0.0282,0.000813,0.000773,yes
clearfield_mw4,array,53,27,0.937,0.926,+0.011,+0.0009,0.0041,+0.23,0.0287,0.000993,0.000883,yes
clearfield_mw4,pertrace,73,63,0.938,0.930,+0.007,+0.0011,0.0058,+0.19,0.029,0.000913,0.000874,no
clearfield_mw4,shuffle,89,63,0.944,0.922,+0.022,-0.0038,0.0043,-0.88,0.0288,0.000975,0.000921,yes
aneth,array,68,29,0.929,0.911,+0.019,+0.0000,0.0053,+0.01,0.027,0.000854,0.000708,yes
aneth,pertrace,68,29,0.925,0.907,+0.018,-0.0001,0.0052,-0.02,0.0273,0.000945,-,yes
aneth,shuffle,117,91,0.934,0.916,+0.018,-0.0026,0.0050,-0.53,0.0271,3.36e-06,0,yes
forge_19,array,63,23,0.929,0.923,+0.006,+0.0012,0.0055,+0.22,0.0286,0.00104,0.00085,yes
forge_19,pertrace,94,32,0.924,0.924,+0.000,-0.0003,0.0045,-0.06,0.0289,0.00106,0.000861,yes
forge_19,shuffle,107,70,0.929,0.914,+0.016,-0.0018,0.0053,-0.33,0.0287,0.000989,0.000897,yes
aneth_seed1,array,58,32,0.927,0.919,+0.007,-0.0030,0.0043,-0.69,0.0256,0.00084,0.000743,yes
aneth_seed2,array,51,17,0.923,0.912,+0.011,-0.0007,0.0049,-0.14,0.0231,0.000925,0.000778,yes
aneth_seed3,array,56,26,0.929,0.915,+0.014,+0.0014,0.0037,+0.39,0.0196,0.00087,0.000757,yes
clearfield_mw4_seed1,array,78,52,0.933,0.927,+0.006,+0.0008,0.0047,+0.16,0.0275,0.000874,0.000814,yes
clearfield_mw4_seed2,array,72,46,0.939,0.929,+0.010,-0.0034,0.0038,-0.91,0.0247,0.000889,0.000808,yes
clearfield_mw4_seed3,array,85,59,0.938,0.935,+0.003,+0.0012,0.0051,+0.24,0.0209,0.000856,0.000791,yes
forge_19_seed1,array,115,89,0.934,0.914,+0.020,-0.0033,0.0048,-0.70,0.0273,0.00078,0.000758,yes
forge_19_seed2,array,60,23,0.927,0.914,+0.013,-0.0003,0.0033,-0.08,0.0246,0.00102,0.000881,yes
forge_19_seed3,array,79,45,0.931,0.915,+0.017,-0.0021,0.0038,-0.56,0.0209,0.000923,0.000805,yes
pnr-2_seed1,array,55,20,0.935,0.913,+0.022,-0.0025,0.0048,-0.53,0.0267,0.000954,0.000788,yes
pnr-2_seed2,array,81,22,0.932,0.923,+0.009,-0.0027,0.0046,-0.58,0.0241,0.000948,0.000735,yes
pnr-2_seed3,array,71,45,0.934,0.925,+0.009,+0.0017,0.0040,+0.42,0.0205,0.000832,0.000749,yes
aneth_seed1,pertrace,58,32,0.923,0.920,+0.004,-0.0022,0.0046,-0.49,0.0286,0.000935,0,yes
aneth_seed2,pertrace,114,88,0.926,0.916,+0.011,-0.0045,0.0037,-1.21,0.0247,0.000742,2.6e-06,yes
aneth_seed3,pertrace,80,54,0.926,0.910,+0.016,-0.0029,0.0046,-0.64,0.0207,0.00085,3.31e-06,yes
clearfield_mw4_seed1,pertrace,78,52,0.932,0.928,+0.004,-0.0003,0.0041,-0.07,0.0307,0.00096,0,yes
clearfield_mw4_seed2,pertrace,61,35,0.940,0.925,+0.015,-0.0044,0.0050,-0.89,0.0265,0.00101,0.000932,yes
clearfield_mw4_seed3,pertrace,64,38,0.933,0.923,+0.010,-0.0027,0.0032,-0.85,0.0222,0.00102,0.00092,yes
forge_19_seed1,pertrace,79,53,0.927,0.919,+0.007,-0.0023,0.0053,-0.43,0.0306,0.000998,0,yes
forge_19_seed2,pertrace,103,77,0.928,0.917,+0.011,+0.0019,0.0044,+0.44,0.0264,0.000898,0,yes
forge_19_seed3,pertrace,79,45,0.927,0.912,+0.015,-0.0032,0.0045,-0.70,0.0221,0.00102,0.000891,yes
pnr-2_seed1,pertrace,86,60,0.937,0.924,+0.012,+0.0002,0.0041,+0.04,0.0299,0,0,yes
pnr-2_seed2,pertrace,81,50,0.931,0.925,+0.006,-0.0023,0.0049,-0.48,0.0258,0.000881,0.000795,yes
pnr-2_seed3,pertrace,71,45,0.930,0.922,+0.008,+0.0011,0.0040,+0.27,0.0216,0.000924,0.000823,yes
